link,username,count_comment
https://habr.com/ru/post/438514/,vvbob,28
https://habr.com/ru/post/438514/,andreyns,18
https://habr.com/ru/post/438514/,DMGarikk,16
https://habr.com/ru/post/438514/,ne_kotin,14
https://habr.com/ru/post/438514/,Borz,13
https://habr.com/ru/post/438514/,Arris,11
https://habr.com/ru/post/438514/,Wolfas,10
https://habr.com/ru/post/438514/,athacker,10
https://habr.com/ru/post/438514/,vlivyur,9
https://habr.com/ru/post/438514/,TimsTims,9
https://habr.com/ru/post/438514/,PsyHaSTe,8
https://habr.com/ru/post/438514/,sumanai,8
https://habr.com/ru/post/438514/,gecube,8
https://habr.com/ru/post/438514/,webkumo,8
https://habr.com/ru/post/438514/,Grief,7
https://habr.com/ru/post/438514/,tamapw,7
https://habr.com/ru/post/438514/,kudryavy,7
https://habr.com/ru/post/438514/,dimm_ddr,6
https://habr.com/ru/post/438514/,Kocmohabt314,6
https://habr.com/ru/post/438514/,CNstuff,6
https://habr.com/ru/post/438514/,AcidVenom,6
https://habr.com/ru/post/438514/,sergey_z777,6
https://habr.com/ru/post/438514/,pyrk2142,5
https://habr.com/ru/post/438514/,anprs,5
https://habr.com/ru/post/438514/,mclander,5
https://habr.com/ru/post/438514/,d-stream,5
https://habr.com/ru/post/438514/,botyaslonim,5
https://habr.com/ru/post/438514/,ikman,4
https://habr.com/ru/post/438514/,LLE,4
https://habr.com/ru/post/438514/,hMartin,4
https://habr.com/ru/post/438514/,Int_13h,4
https://habr.com/ru/post/438514/,nsmcan,4
https://habr.com/ru/post/438514/,playnet,4
https://habr.com/ru/post/438514/,amartology,4
https://habr.com/ru/post/438514/,olegthelilfix,3
https://habr.com/ru/post/438514/,Yastreb1332,3
https://habr.com/ru/post/438514/,vadim_bv,3
https://habr.com/ru/post/438514/,navion,3
https://habr.com/ru/post/438514/,Retifff,3
https://habr.com/ru/post/438514/,Carburn,3
https://habr.com/ru/post/438514/,tvr,3
https://habr.com/ru/post/438514/,burzooom,3
https://habr.com/ru/post/438514/,Opaspap,3
https://habr.com/ru/post/438514/,distrik,3
https://habr.com/ru/post/438514/,Angeld,3
https://habr.com/ru/post/438514/,Lonsdaleite,3
https://habr.com/ru/post/438514/,balexa,3
https://habr.com/ru/post/438514/,ikorolev,3
https://habr.com/ru/post/438514/,AnatolPe,3
https://habr.com/ru/post/438514/,MINYSMOAL,3
https://habr.com/ru/post/438514/,KIL2,3
https://habr.com/ru/post/438514/,urtow,3
https://habr.com/ru/post/438514/,NeocortexLab,3
https://habr.com/ru/post/438514/,genuimous,3
https://habr.com/ru/post/438514/,klim76,3
https://habr.com/ru/post/438514/,fon_lemke,3
https://habr.com/ru/post/438514/,balancce,2
https://habr.com/ru/post/438514/,Trolzen,2
https://habr.com/ru/post/438514/,Tyusha,2
https://habr.com/ru/post/438514/,UberSchlag,2
https://habr.com/ru/post/438514/,Whuthering,2
https://habr.com/ru/post/438514/,Maximuzz,2
https://habr.com/ru/post/438514/,Sanya2201,2
https://habr.com/ru/post/438514/,Paskin,2
https://habr.com/ru/post/438514/,spamas,2
https://habr.com/ru/post/438514/,Sabubu,2
https://habr.com/ru/post/438514/,aknew,2
https://habr.com/ru/post/438514/,pawellrus,2
https://habr.com/ru/post/438514/,Veter9,2
https://habr.com/ru/post/438514/,Areso,2
https://habr.com/ru/post/438514/,janson,2
https://habr.com/ru/post/438514/,Amihailov,2
https://habr.com/ru/post/438514/,Propp,2
https://habr.com/ru/post/438514/,Rohan66,2
https://habr.com/ru/post/438514/,Imaskar,2
https://habr.com/ru/post/438514/,inv2004,2
https://habr.com/ru/post/438514/,YaakovTooth,2
https://habr.com/ru/post/438514/,Maccimo,2
https://habr.com/ru/post/438514/,snizovtsev,2
https://habr.com/ru/post/438514/,sentyaev,2
https://habr.com/ru/post/438514/,intet,2
https://habr.com/ru/post/438514/,DrunkBear,2
https://habr.com/ru/post/438514/,8street,2
https://habr.com/ru/post/438514/,denis-19,2
https://habr.com/ru/post/438514/,glowingsword,2
https://habr.com/ru/post/438514/,Night_Snake,2
https://habr.com/ru/post/438514/,slonpts,2
https://habr.com/ru/post/438514/,InterceptorTSK,2
https://habr.com/ru/post/438514/,serafims,2
https://habr.com/ru/post/438514/,SirEdvin,2
https://habr.com/ru/post/438514/,CuredPlumbum,2
https://habr.com/ru/post/438514/,cyrillpetroff,2
https://habr.com/ru/post/438514/,bRUtality,2
https://habr.com/ru/post/438514/,tsepen,2
https://habr.com/ru/post/438514/,Relican,2
https://habr.com/ru/post/438514/,utax,2
https://habr.com/ru/post/438514/,happy-cat,2
https://habr.com/ru/post/438514/,Kiryushah,2
https://habr.com/ru/post/438514/,Nikulio,1
https://habr.com/ru/post/438514/,autuna,1
https://habr.com/ru/post/438514/,killmeplz879,1
https://habr.com/ru/post/438514/,aleksandros,1
https://habr.com/ru/post/438514/,qwertyqwerty,1
https://habr.com/ru/post/438514/,23derevo,1
https://habr.com/ru/post/438514/,907,1
https://habr.com/ru/post/438514/,Alcpp,1
https://habr.com/ru/post/438514/,lain8dono,1
https://habr.com/ru/post/438514/,hatari90,1
https://habr.com/ru/post/438514/,denisromanenko,1
https://habr.com/ru/post/438514/,Lennonenko,1
https://habr.com/ru/post/438514/,vedenin1980,1
https://habr.com/ru/post/438514/,dax,1
https://habr.com/ru/post/438514/,Anton238,1
https://habr.com/ru/post/438514/,ne555,1
https://habr.com/ru/post/438514/,chemtech,1
https://habr.com/ru/post/438514/,hell,1
https://habr.com/ru/post/438514/,str_cat,1
https://habr.com/ru/post/438514/,Daar,1
https://habr.com/ru/post/438514/,JediPhilosopher,1
https://habr.com/ru/post/438514/,SnowBearRu,1
https://habr.com/ru/post/438514/,valdemarus,1
https://habr.com/ru/post/438514/,sutasu,1
https://habr.com/ru/post/438514/,YetAnotherSlava,1
https://habr.com/ru/post/438514/,ReklatsMasters,1
https://habr.com/ru/post/438514/,OnYourLips,1
https://habr.com/ru/post/438514/,rumkin,1
https://habr.com/ru/post/438514/,slava_k,1
https://habr.com/ru/post/438514/,b1de0,1
https://habr.com/ru/post/438514/,drinkius,1
https://habr.com/ru/post/438514/,vidyakinsergey,1
https://habr.com/ru/post/438514/,unC0Rr,1
https://habr.com/ru/post/438514/,Neikist,1
https://habr.com/ru/post/438514/,extempl,1
https://habr.com/ru/post/438514/,SPoluh,1
https://habr.com/ru/post/438514/,ottonturk,1
https://habr.com/ru/post/438514/,lubezniy,1
https://habr.com/ru/post/438514/,xRevolveRx,1
https://habr.com/ru/post/438514/,sborisov,1
https://habr.com/ru/post/438514/,nitrat665,1
https://habr.com/ru/post/438514/,Danik-ik,1
https://habr.com/ru/post/438514/,gotch,1
https://habr.com/ru/post/438514/,blind_oracle,1
https://habr.com/ru/post/438514/,RaFaeL-NN,1
https://habr.com/ru/post/438514/,athreNd,1
https://habr.com/ru/post/438514/,pae174,1
https://habr.com/ru/post/438514/,c0der,1
https://habr.com/ru/post/438514/,lexxair,1
https://habr.com/ru/post/438514/,braineater,1
https://habr.com/ru/post/438514/,vozhd99,1
https://habr.com/ru/post/438514/,Coline,1
https://habr.com/ru/post/438514/,bkar,1
https://habr.com/ru/post/438514/,Sly_tom_cat,1
https://habr.com/ru/post/438514/,Zigfrid_n,1
https://habr.com/ru/post/438514/,MikailBag,1
https://habr.com/ru/post/438514/,vitapos,1
https://habr.com/ru/post/438514/,sergeperovsky,1
https://habr.com/ru/post/438514/,dimka11,1
https://habr.com/ru/post/438514/,batyrmastyr,1
https://habr.com/ru/post/438514/,Phoen,1
https://habr.com/ru/post/438514/,oller,1
https://habr.com/ru/post/438514/,hzone,1
https://habr.com/ru/post/438514/,talbot,1
https://habr.com/ru/post/438514/,Unrul,1
https://habr.com/ru/post/438514/,tvictor,1
https://habr.com/ru/post/438514/,b237,1
https://habr.com/ru/post/438514/,Vladiator,1
https://habr.com/ru/post/438514/,bzzz00,1
https://habr.com/ru/post/438514/,MacIn,1
https://habr.com/ru/post/438514/,mammuthus,1
https://habr.com/ru/post/438514/,nikolayv81,1
https://habr.com/ru/post/438514/,tbl,1
https://habr.com/ru/post/438514/,Miaowzation,1
https://habr.com/ru/post/438514/,enzain,1
https://habr.com/ru/post/438514/,vladkorotnev,1
https://habr.com/ru/post/438514/,nick_gabpe,1
https://habr.com/ru/post/438514/,easty,1
https://habr.com/ru/post/438514/,BjLomax,1
https://habr.com/ru/post/438514/,RomeoGolf,1
https://habr.com/ru/post/438514/,slrzz,1
https://habr.com/ru/post/438514/,AnyKey80lvl,1
https://habr.com/ru/post/438514/,Pavel7,1
https://habr.com/ru/post/438514/,i360u,1
https://habr.com/ru/post/438514/,phaggi,1
https://habr.com/ru/post/438514/,ComputerPers,1
https://habr.com/ru/post/438514/,eStellar,1
https://habr.com/ru/post/438514/,AnROm,1
https://habr.com/ru/post/438514/,kompas_3d,1
https://habr.com/ru/post/438514/,philya,1
https://habr.com/ru/post/438514/,mtivkov,1
https://habr.com/ru/post/438514/,ilvar,1
https://habr.com/ru/post/438514/,nezdhanov,1
https://habr.com/ru/post/438514/,crystax,1
https://habr.com/ru/post/438514/,Voenniy,1
https://habr.com/ru/post/438514/,Rhombus,1
https://habr.com/ru/post/438514/,denisshabr,1
https://habr.com/ru/post/438514/,Mr_Floppy,1
https://habr.com/ru/post/438514/,barbedAK,1
https://habr.com/ru/post/438514/,Konwin,1
https://habr.com/ru/post/438514/,urticazoku,1
https://habr.com/ru/post/438514/,Greave,1
https://habr.com/ru/post/438514/,wonderfull,1
https://habr.com/ru/post/438514/,sdev,1
https://habr.com/ru/post/438514/,wildDAlex,1
https://habr.com/ru/post/438514/,adel-s,1
https://habr.com/ru/post/438514/,Saidai,1
https://habr.com/ru/post/438514/,speshuric,1
https://habr.com/ru/post/438514/,Yoooriii,1
https://habr.com/ru/post/438514/,Terranz,1
https://habr.com/ru/post/438514/,barker,1
https://habr.com/ru/post/438514/,bugsfinder,1
https://habr.com/ru/post/438514/,MikeLog,1
https://habr.com/ru/post/438514/,nanshakov,1
https://habr.com/ru/post/438514/,SMIsharik,1
https://habr.com/ru/post/438514/,ooprizrakoo,1
https://habr.com/ru/post/438514/,StPopov,1
https://habr.com/ru/post/438514/,OnelaW,1
https://habr.com/ru/post/438514/,axtrace,1
https://habr.com/ru/post/438514/,HexNut,1
https://habr.com/ru/post/438514/,sergix,1
https://habr.com/ru/post/438514/,igrushkin,1
https://habr.com/ru/post/438514/,Novaplus,1
https://habr.com/ru/post/438514/,Kinddog,1
https://habr.com/ru/post/438514/,n0str0m0,1
https://habr.com/ru/post/438514/,korolevdd,1
https://habr.com/ru/post/438514/,emanrus,1
https://habr.com/ru/post/438514/,jobgemws,1
https://habr.com/ru/post/438514/,ustas33,1
https://habr.com/ru/post/438514/,artemaa,1
https://habr.com/ru/post/438514/,WeltRogg,1
https://habr.com/ru/post/438514/,olegchir,1
https://habr.com/ru/post/438514/,Zavadsky-Sergey,1
https://habr.com/ru/post/438514/,lieff,1
https://habr.com/ru/post/438514/,saipr,1
https://habr.com/ru/post/438514/,Anthony_K,1
https://habr.com/ru/post/448530/,sumanai,26
https://habr.com/ru/post/448530/,Speakus,18
https://habr.com/ru/post/448530/,emusic,18
https://habr.com/ru/post/448530/,nikolayv81,17
https://habr.com/ru/post/448530/,LMonoceros,16
https://habr.com/ru/post/448530/,zzzmmtt,14
https://habr.com/ru/post/448530/,Sly_tom_cat,14
https://habr.com/ru/post/448530/,mihmig,10
https://habr.com/ru/post/448530/,trublast,10
https://habr.com/ru/post/448530/,vis_inet,10
https://habr.com/ru/post/448530/,bopoh13,8
https://habr.com/ru/post/448530/,Areso,8
https://habr.com/ru/post/448530/,wickedweasel,8
https://habr.com/ru/post/448530/,vconst,7
https://habr.com/ru/post/448530/,Akuma,7
https://habr.com/ru/post/448530/,catharsis,7
https://habr.com/ru/post/448530/,eabrega,7
https://habr.com/ru/post/448530/,eefadeev,7
https://habr.com/ru/post/448530/,DaemonGloom,6
https://habr.com/ru/post/448530/,Andrusha,6
https://habr.com/ru/post/448530/,Nizametdinov,5
https://habr.com/ru/post/448530/,r33,5
https://habr.com/ru/post/448530/,mammuthus,5
https://habr.com/ru/post/448530/,lehha,5
https://habr.com/ru/post/448530/,maikus,5
https://habr.com/ru/post/448530/,1c80,5
https://habr.com/ru/post/448530/,Vsevo10d,5
https://habr.com/ru/post/448530/,Stas911,5
https://habr.com/ru/post/448530/,lll000lll,4
https://habr.com/ru/post/448530/,khanid,4
https://habr.com/ru/post/448530/,G_Raider,4
https://habr.com/ru/post/448530/,alsoijw,4
https://habr.com/ru/post/448530/,linux_art,4
https://habr.com/ru/post/448530/,nidalee,4
https://habr.com/ru/post/448530/,tvr,4
https://habr.com/ru/post/448530/,achekalin,4
https://habr.com/ru/post/448530/,Sabubu,4
https://habr.com/ru/post/448530/,ilyapirogov,4
https://habr.com/ru/post/448530/,stalinets,4
https://habr.com/ru/post/448530/,Andy_Big,4
https://habr.com/ru/post/448530/,genuimous,4
https://habr.com/ru/post/448530/,vitaliy2,4
https://habr.com/ru/post/448530/,LiderMaximum,3
https://habr.com/ru/post/448530/,Psychosynthesis,3
https://habr.com/ru/post/448530/,maxzhurkin,3
https://habr.com/ru/post/448530/,Zangasta,3
https://habr.com/ru/post/448530/,wtigga,3
https://habr.com/ru/post/448530/,koshi-dono,3
https://habr.com/ru/post/448530/,mayorovp,3
https://habr.com/ru/post/448530/,FiLunder7,3
https://habr.com/ru/post/448530/,invite_ciel,3
https://habr.com/ru/post/448530/,troi,3
https://habr.com/ru/post/448530/,foxyrus,3
https://habr.com/ru/post/448530/,YotaRussia,3
https://habr.com/ru/post/448530/,nee77,3
https://habr.com/ru/post/448530/,leshakk,3
https://habr.com/ru/post/448530/,SantaCluster,3
https://habr.com/ru/post/448530/,sav6622,3
https://habr.com/ru/post/448530/,NetBUG,3
https://habr.com/ru/post/448530/,ValdikSS,3
https://habr.com/ru/post/448530/,aivs,3
https://habr.com/ru/post/448530/,lorc,3
https://habr.com/ru/post/448530/,orion76,3
https://habr.com/ru/post/448530/,salas,3
https://habr.com/ru/post/448530/,Homas,3
https://habr.com/ru/post/448530/,Occama,3
https://habr.com/ru/post/448530/,Miller777,3
https://habr.com/ru/post/448530/,slog2,3
https://habr.com/ru/post/448530/,muhaa,3
https://habr.com/ru/post/448530/,maxshopen,3
https://habr.com/ru/post/448530/,Viacheslav01,2
https://habr.com/ru/post/448530/,shurricken,2
https://habr.com/ru/post/448530/,FarCry,2
https://habr.com/ru/post/448530/,sindzicat,2
https://habr.com/ru/post/448530/,warranty_voider,2
https://habr.com/ru/post/448530/,A1054,2
https://habr.com/ru/post/448530/,Maxtremum,2
https://habr.com/ru/post/448530/,Dal,2
https://habr.com/ru/post/448530/,Hardcoin,2
https://habr.com/ru/post/448530/,Kocmohabt314,2
https://habr.com/ru/post/448530/,embden,2
https://habr.com/ru/post/448530/,ptica_filin,2
https://habr.com/ru/post/448530/,RomanPyr,2
https://habr.com/ru/post/448530/,MotoDruG,2
https://habr.com/ru/post/448530/,vaslobas,2
https://habr.com/ru/post/448530/,MasMaX,2
https://habr.com/ru/post/448530/,servermen,2
https://habr.com/ru/post/448530/,rustavelli,2
https://habr.com/ru/post/448530/,Andy_U,2
https://habr.com/ru/post/448530/,sandro_ballack,2
https://habr.com/ru/post/448530/,General_Failure,2
https://habr.com/ru/post/448530/,Doomsday_nxt,2
https://habr.com/ru/post/448530/,AlxDr,2
https://habr.com/ru/post/448530/,mtivkov,2
https://habr.com/ru/post/448530/,KarasikovSergey,2
https://habr.com/ru/post/448530/,6095959,2
https://habr.com/ru/post/448530/,zirix,2
https://habr.com/ru/post/448530/,interprise,2
https://habr.com/ru/post/448530/,ArsenAbakarov,2
https://habr.com/ru/post/448530/,wladyspb,2
https://habr.com/ru/post/448530/,aensidhe,2
https://habr.com/ru/post/448530/,vyo,2
https://habr.com/ru/post/448530/,ibragames,2
https://habr.com/ru/post/448530/,Urvin,2
https://habr.com/ru/post/448530/,5m1l3,2
https://habr.com/ru/post/448530/,BasiC2k,2
https://habr.com/ru/post/448530/,Mikhael1979,2
https://habr.com/ru/post/448530/,Skerrigan,2
https://habr.com/ru/post/448530/,GooG2e,2
https://habr.com/ru/post/448530/,ebt,2
https://habr.com/ru/post/448530/,vadlit,2
https://habr.com/ru/post/448530/,ozver,2
https://habr.com/ru/post/448530/,Razveseliy_tsigan,2
https://habr.com/ru/post/448530/,Stepan555,2
https://habr.com/ru/post/448530/,PavelMSTU,2
https://habr.com/ru/post/448530/,ne_zabudka,2
https://habr.com/ru/post/448530/,ChiefPilot,1
https://habr.com/ru/post/448530/,dinisoft,1
https://habr.com/ru/post/448530/,Haoose,1
https://habr.com/ru/post/448530/,AnValMit,1
https://habr.com/ru/post/448530/,maxwolf,1
https://habr.com/ru/post/448530/,spmbt,1
https://habr.com/ru/post/448530/,eresik,1
https://habr.com/ru/post/448530/,msatersam11,1
https://habr.com/ru/post/448530/,ShNURoK42,1
https://habr.com/ru/post/448530/,BigBeaver,1
https://habr.com/ru/post/448530/,Nalivai,1
https://habr.com/ru/post/448530/,AVX,1
https://habr.com/ru/post/448530/,areht,1
https://habr.com/ru/post/448530/,JediPhilosopher,1
https://habr.com/ru/post/448530/,Tomasina,1
https://habr.com/ru/post/448530/,HiMem-74,1
https://habr.com/ru/post/448530/,kogemrka,1
https://habr.com/ru/post/448530/,befart,1
https://habr.com/ru/post/448530/,nikitaevg,1
https://habr.com/ru/post/448530/,Rohan66,1
https://habr.com/ru/post/448530/,oldbie,1
https://habr.com/ru/post/448530/,Megavolv,1
https://habr.com/ru/post/448530/,vagonovozhaty,1
https://habr.com/ru/post/448530/,FibYar,1
https://habr.com/ru/post/448530/,9660,1
https://habr.com/ru/post/448530/,vikarti,1
https://habr.com/ru/post/448530/,tinkoff_bank,1
https://habr.com/ru/post/448530/,Inomaratadeath,1
https://habr.com/ru/post/448530/,kolyan222,1
https://habr.com/ru/post/448530/,F0iL,1
https://habr.com/ru/post/448530/,Andrey_Dolg,1
https://habr.com/ru/post/448530/,Mako_357,1
https://habr.com/ru/post/448530/,iborzenkov,1
https://habr.com/ru/post/448530/,atomlib,1
https://habr.com/ru/post/448530/,vazhnov,1
https://habr.com/ru/post/448530/,Merkat0r,1
https://habr.com/ru/post/448530/,ilyaZet,1
https://habr.com/ru/post/448530/,kurb,1
https://habr.com/ru/post/448530/,Nidere,1
https://habr.com/ru/post/448530/,bochkovoy,1
https://habr.com/ru/post/448530/,kost,1
https://habr.com/ru/post/448530/,Kwent,1
https://habr.com/ru/post/448530/,Monoroch,1
https://habr.com/ru/post/448530/,vladkorotnev,1
https://habr.com/ru/post/448530/,Mur81,1
https://habr.com/ru/post/448530/,stork_teadfort,1
https://habr.com/ru/post/448530/,vtolstov,1
https://habr.com/ru/post/448530/,amarao,1
https://habr.com/ru/post/448530/,mapron,1
https://habr.com/ru/post/448530/,Livra,1
https://habr.com/ru/post/448530/,pansa,1
https://habr.com/ru/post/448530/,Voiddancer,1
https://habr.com/ru/post/448530/,iMax,1
https://habr.com/ru/post/448530/,geher,1
https://habr.com/ru/post/448530/,Genusatplay,1
https://habr.com/ru/post/448530/,ValerijBel,1
https://habr.com/ru/post/448530/,joker1sokol,1
https://habr.com/ru/post/448530/,Endru9,1
https://habr.com/ru/post/448530/,DaynNight,1
https://habr.com/ru/post/448530/,nomadmoon,1
https://habr.com/ru/post/448530/,sattellite,1
https://habr.com/ru/post/448530/,hMartin,1
https://habr.com/ru/post/448530/,dmitryredkin,1
https://habr.com/ru/post/448530/,DmitriyTitov,1
https://habr.com/ru/post/448530/,JerleShannara,1
https://habr.com/ru/post/448530/,Gorthauer87,1
https://habr.com/ru/post/448530/,siziyman,1
https://habr.com/ru/post/448530/,lopatoid,1
https://habr.com/ru/post/448530/,konchok,1
https://habr.com/ru/post/448530/,Murimonai,1
https://habr.com/ru/post/448530/,APLe,1
https://habr.com/ru/post/448530/,Ten,1
https://habr.com/ru/post/448530/,SergeyMax,1
https://habr.com/ru/post/448530/,doomscar,1
https://habr.com/ru/post/448530/,3aBulon,1
https://habr.com/ru/post/448530/,artemerschow,1
https://habr.com/ru/post/448530/,sksensei,1
https://habr.com/ru/post/448530/,Vilgelm,1
https://habr.com/ru/post/448530/,hurgadan,1
https://habr.com/ru/post/448530/,x_shader,1
https://habr.com/ru/post/448530/,transcengopher,1
https://habr.com/ru/post/448530/,Capacitor10n,1
https://habr.com/ru/post/448530/,Doctor5772,1
https://habr.com/ru/post/448530/,vassabi,1
https://habr.com/ru/post/448530/,MMik,1
https://habr.com/ru/post/448530/,MIKEk8,1
https://habr.com/ru/post/448530/,MikailBag,1
https://habr.com/ru/post/448530/,Akdmeh,1
https://habr.com/ru/post/448530/,SakuradaJun,1
https://habr.com/ru/post/448530/,Belka54,1
https://habr.com/ru/post/448530/,SandroSmith,1
https://habr.com/ru/post/448530/,pyrk2142,1
https://habr.com/ru/post/448530/,Kyoki,1
https://habr.com/ru/post/448530/,Dioxin,1
https://habr.com/ru/post/448530/,solariserj,1
https://habr.com/ru/post/448530/,fareloz,1
https://habr.com/ru/post/448530/,epestsov,1
https://habr.com/ru/post/448530/,whitewolf12,1
https://habr.com/ru/post/448530/,shurshur,1
https://habr.com/ru/post/448530/,korobkov-k,1
https://habr.com/ru/post/448530/,dopk,1
https://habr.com/ru/post/448530/,shasoft,1
https://habr.com/ru/post/448530/,exception13x,1
https://habr.com/ru/post/448530/,BelerafonL,1
https://habr.com/ru/post/448530/,oliver_queen,1
https://habr.com/ru/post/448530/,MurikS,1
https://habr.com/ru/post/448530/,pavleg,1
https://habr.com/ru/post/448530/,Tatikoma,1
https://habr.com/ru/post/448530/,Tsvetik,1
https://habr.com/ru/post/448530/,Kane,1
https://habr.com/ru/post/448530/,leiocalyx,1
https://habr.com/ru/post/448530/,MOPOH,1
https://habr.com/ru/post/448530/,dalamber_sign,1
https://habr.com/ru/post/448530/,Spaceoddity,1
https://habr.com/ru/post/448530/,ChieF_Of_ReD,1
https://habr.com/ru/post/448530/,PowerMetall,1
https://habr.com/ru/post/448530/,heos_spb,1
https://habr.com/ru/post/448530/,Endeavour,1
https://habr.com/ru/post/448530/,FRAGIL3,1
https://habr.com/ru/post/448530/,2PAE,1
https://habr.com/ru/post/448530/,Rast1234,1
https://habr.com/ru/post/448530/,0ri0n,1
https://habr.com/ru/post/448530/,botyaslonim,1
https://habr.com/ru/post/448530/,androidt1c,1
https://habr.com/ru/post/448530/,xFFFF,1
https://habr.com/ru/post/448530/,agosmaker,1
https://habr.com/ru/post/448530/,Kyrie1965,1
https://habr.com/ru/post/448530/,zvendelo,1
https://habr.com/ru/post/448530/,megagnom,1
https://habr.com/ru/post/448530/,Pafnutyi,1
https://habr.com/ru/post/448530/,virtualsys,1
https://habr.com/ru/post/448530/,XEHKOK,1
https://habr.com/ru/post/448530/,shurkandak,1
https://habr.com/ru/post/448530/,alsii,1
https://habr.com/ru/post/448530/,Scraelos,1
https://habr.com/ru/post/448530/,galaxy,1
https://habr.com/ru/post/448530/,AngReload,1
https://habr.com/ru/post/448530/,m0xf,1
https://habr.com/ru/post/448530/,Brain_Overload,1
https://habr.com/ru/post/448530/,ITurchenko,1
https://habr.com/ru/post/448530/,reci,1
https://habr.com/ru/post/448530/,milast,1
https://habr.com/ru/post/448530/,alekssamos,1
https://habr.com/ru/post/448530/,vka,1
https://habr.com/ru/post/448530/,trawl,1
https://habr.com/ru/post/448530/,Liverius,1
https://habr.com/ru/post/448530/,mSnus,1
https://habr.com/ru/post/448530/,Oval,1
https://habr.com/ru/post/448530/,where-is-s,1
https://habr.com/ru/post/448530/,ksil,1
https://habr.com/ru/post/448530/,iwram,1
https://habr.com/ru/post/448530/,402d,1
https://habr.com/ru/post/448530/,stantum,1
https://habr.com/ru/post/448530/,funca,1
https://habr.com/ru/post/448530/,zoroda,1
https://habr.com/ru/post/448530/,kergoff,1
https://habr.com/ru/post/448530/,s7eepz,1
https://habr.com/ru/post/448530/,Squoworode,1
https://habr.com/ru/post/448530/,code_bit,1
https://habr.com/ru/post/448530/,Zenitchik,1
https://habr.com/ru/post/448530/,null3r,1
https://habr.com/ru/post/448530/,Stanislav_F,1
https://habr.com/ru/post/448530/,delag,1
https://habr.com/ru/post/448530/,harbid,1
https://habr.com/ru/post/448530/,13alex,1
https://habr.com/ru/post/448530/,solovetski,1
https://habr.com/ru/post/448530/,Timka21213,1
https://habr.com/ru/post/448530/,Apxuej,1
https://habr.com/ru/post/448530/,027,1
https://habr.com/ru/post/448530/,Barbaresk,1
https://habr.com/ru/post/448530/,Firsto,1
https://habr.com/ru/post/448530/,GREGOR_812,1
https://habr.com/ru/post/448530/,Myosotis,1
https://habr.com/ru/post/448530/,firedragon,1
https://habr.com/ru/post/451898/,nrgian,44
https://habr.com/ru/post/451898/,Gryphon88,26
https://habr.com/ru/post/451898/,BigBeaver,25
https://habr.com/ru/post/451898/,diakin,22
https://habr.com/ru/post/451898/,MTyrz,17
https://habr.com/ru/post/451898/,submagic,17
https://habr.com/ru/post/451898/,Vasyutka,16
https://habr.com/ru/post/451898/,Am0ralist,11
https://habr.com/ru/post/451898/,pop70,11
https://habr.com/ru/post/451898/,tyomitch,10
https://habr.com/ru/post/451898/,geisha,10
https://habr.com/ru/post/451898/,greenkey,10
https://habr.com/ru/post/451898/,dimm_ddr,9
https://habr.com/ru/post/451898/,oracle_and_delphi,9
https://habr.com/ru/post/451898/,RamusAkaRami,8
https://habr.com/ru/post/451898/,Tiendil,8
https://habr.com/ru/post/451898/,samhuawey,7
https://habr.com/ru/post/451898/,sim31r,7
https://habr.com/ru/post/451898/,strcpy,7
https://habr.com/ru/post/451898/,saboteur_kiev,6
https://habr.com/ru/post/451898/,GarryC,6
https://habr.com/ru/post/451898/,vlad9486,6
https://habr.com/ru/post/451898/,Ndochp,6
https://habr.com/ru/post/451898/,Space__Elf,6
https://habr.com/ru/post/451898/,Hardcoin,6
https://habr.com/ru/post/451898/,g0rd1as,6
https://habr.com/ru/post/451898/,Andriuha077,6
https://habr.com/ru/post/451898/,NetBUG,5
https://habr.com/ru/post/451898/,gooddaytoday,5
https://habr.com/ru/post/451898/,Whuthering,5
https://habr.com/ru/post/451898/,semennikov,5
https://habr.com/ru/post/451898/,amphasis,5
https://habr.com/ru/post/451898/,grinCo,5
https://habr.com/ru/post/451898/,balexa,5
https://habr.com/ru/post/451898/,kryvichh,5
https://habr.com/ru/post/451898/,PahomU,4
https://habr.com/ru/post/451898/,xfaetas,4
https://habr.com/ru/post/451898/,sumanai,4
https://habr.com/ru/post/451898/,poznawatel,4
https://habr.com/ru/post/451898/,site6893,4
https://habr.com/ru/post/451898/,pehat,4
https://habr.com/ru/post/451898/,lotse8,4
https://habr.com/ru/post/451898/,red_andr,4
https://habr.com/ru/post/451898/,DarkTiger,4
https://habr.com/ru/post/451898/,VMichael,4
https://habr.com/ru/post/451898/,Materializator,4
https://habr.com/ru/post/451898/,rayg00n,3
https://habr.com/ru/post/451898/,MacIn,3
https://habr.com/ru/post/451898/,prudnitskiy,3
https://habr.com/ru/post/451898/,Nalivai,3
https://habr.com/ru/post/451898/,nicholas_k,3
https://habr.com/ru/post/451898/,kpakozz96pyc,3
https://habr.com/ru/post/451898/,solovetski,3
https://habr.com/ru/post/451898/,tvr,3
https://habr.com/ru/post/451898/,chicago1,3
https://habr.com/ru/post/451898/,agarus,3
https://habr.com/ru/post/451898/,senglory,3
https://habr.com/ru/post/451898/,eugenk,3
https://habr.com/ru/post/451898/,Matshishkapeu,3
https://habr.com/ru/post/451898/,DisM,3
https://habr.com/ru/post/451898/,atoro,3
https://habr.com/ru/post/451898/,AnatoliD,3
https://habr.com/ru/post/451898/,nidheg666,2
https://habr.com/ru/post/451898/,Scf,2
https://habr.com/ru/post/451898/,keydet,2
https://habr.com/ru/post/451898/,MarcBaracuda,2
https://habr.com/ru/post/451898/,Kocmohabt314,2
https://habr.com/ru/post/451898/,Radiohead72,2
https://habr.com/ru/post/451898/,wataru,2
https://habr.com/ru/post/451898/,007913,2
https://habr.com/ru/post/451898/,zenkov,2
https://habr.com/ru/post/451898/,Alexey2005,2
https://habr.com/ru/post/451898/,PsyHaSTe,2
https://habr.com/ru/post/451898/,hippohood,2
https://habr.com/ru/post/451898/,v2kxyz,2
https://habr.com/ru/post/451898/,radonit,2
https://habr.com/ru/post/451898/,alvaz,2
https://habr.com/ru/post/451898/,snipsnap,2
https://habr.com/ru/post/451898/,IvanFilippov,2
https://habr.com/ru/post/451898/,Maximil,2
https://habr.com/ru/post/451898/,lakt_VDK,2
https://habr.com/ru/post/451898/,Bookvarenko,2
https://habr.com/ru/post/451898/,u_story,2
https://habr.com/ru/post/451898/,Christoph,1
https://habr.com/ru/post/451898/,devzona,1
https://habr.com/ru/post/451898/,cijic,1
https://habr.com/ru/post/451898/,aquarium,1
https://habr.com/ru/post/451898/,vsantonov,1
https://habr.com/ru/post/451898/,Fortop,1
https://habr.com/ru/post/451898/,RedSnowman,1
https://habr.com/ru/post/451898/,iridiumhawk,1
https://habr.com/ru/post/451898/,zac04,1
https://habr.com/ru/post/451898/,907,1
https://habr.com/ru/post/451898/,MixaSg,1
https://habr.com/ru/post/451898/,DrunkBear,1
https://habr.com/ru/post/451898/,YDR,1
https://habr.com/ru/post/451898/,saipr,1
https://habr.com/ru/post/451898/,Lasenokk,1
https://habr.com/ru/post/451898/,murzilka,1
https://habr.com/ru/post/451898/,avkudrin,1
https://habr.com/ru/post/451898/,d1f,1
https://habr.com/ru/post/451898/,Ramzayx,1
https://habr.com/ru/post/451898/,Soo,1
https://habr.com/ru/post/451898/,msdos9,1
https://habr.com/ru/post/451898/,Daemonis,1
https://habr.com/ru/post/451898/,abramov231,1
https://habr.com/ru/post/451898/,Daniyar94,1
https://habr.com/ru/post/451898/,porn,1
https://habr.com/ru/post/451898/,MockBeard,1
https://habr.com/ru/post/451898/,HunterSpy,1
https://habr.com/ru/post/451898/,glestwid,1
https://habr.com/ru/post/451898/,leshakk,1
https://habr.com/ru/post/451898/,Areso,1
https://habr.com/ru/post/451898/,asmln,1
https://habr.com/ru/post/451898/,ClearAirTurbulence,1
https://habr.com/ru/post/451898/,EvokSinister,1
https://habr.com/ru/post/451898/,andersong,1
https://habr.com/ru/post/451898/,rPman,1
https://habr.com/ru/post/451898/,Valerij56,1
https://habr.com/ru/post/451898/,webkumo,1
https://habr.com/ru/post/451898/,CharlesFrost,1
https://habr.com/ru/post/451898/,xan2,1
https://habr.com/ru/post/451898/,avost,1
https://habr.com/ru/post/451898/,vortexteam,1
https://habr.com/ru/post/451898/,gapel,1
https://habr.com/ru/post/451898/,MK_Ultra,1
https://habr.com/ru/post/451898/,trolley813,1
https://habr.com/ru/post/451898/,Wernisag,1
https://habr.com/ru/post/451898/,anathem,1
https://habr.com/ru/post/451898/,LGC,1
https://habr.com/ru/post/451898/,tretyakovpe,1
https://habr.com/ru/post/451898/,Crafter2012,1
https://habr.com/ru/post/451898/,Nickel3000,1
https://habr.com/ru/post/451898/,kaljan,1
https://habr.com/ru/post/451898/,Carburn,1
https://habr.com/ru/post/451898/,xState_level80,1
https://habr.com/ru/post/451898/,srgmazur,1
https://habr.com/ru/post/451898/,Antispammer,1
https://habr.com/ru/post/451898/,red_perez,1
https://habr.com/ru/post/451898/,Komol,1
https://habr.com/ru/post/451898/,karl93rus,1
https://habr.com/ru/post/451898/,namikiri,1
https://habr.com/ru/post/451898/,AmberSP,1
https://habr.com/ru/post/451898/,Alexufo,1
https://habr.com/ru/post/451898/,smart_alex,1
https://habr.com/ru/post/451898/,fdroid,1
https://habr.com/ru/post/451898/,ReklatsMasters,1
https://habr.com/ru/post/451898/,YuryVin,1
https://habr.com/ru/post/451898/,reaper86,1
https://habr.com/ru/post/451898/,ainoneko,1
https://habr.com/ru/post/451898/,Rohan66,1
https://habr.com/ru/post/451898/,dumistoklus,1
https://habr.com/ru/post/451898/,ru1z,1
https://habr.com/ru/post/451898/,lamerok,1
https://habr.com/ru/post/451898/,mrTyler,1
https://habr.com/ru/post/451898/,naething,1
https://habr.com/ru/post/451898/,artoym,1
https://habr.com/ru/post/451898/,sergeyns,1
https://habr.com/ru/post/451898/,alexhott,1
https://habr.com/ru/post/451898/,ZlodeiBaal,1
https://habr.com/ru/post/451898/,ormoulu,1
https://habr.com/ru/post/451898/,bobermai,1
https://habr.com/ru/post/451898/,sneka,1
https://habr.com/ru/post/451898/,Runis,1
https://habr.com/ru/post/451898/,pirate_tony,1
https://habr.com/ru/post/451898/,surVrus,1
https://habr.com/ru/post/451898/,K1804,1
https://habr.com/ru/post/451898/,FilimoniC,1
https://habr.com/ru/post/451898/,Ast95NG,1
https://habr.com/ru/post/451898/,Jeditobe,1
https://habr.com/ru/post/451898/,Refridgerator,1
https://habr.com/ru/post/451898/,Kipriz,1
https://habr.com/ru/post/451898/,mflash123,1
https://habr.com/ru/post/451898/,DummyBear,1
https://habr.com/ru/post/451898/,oppol,1
https://habr.com/ru/post/451898/,k1b0rg,1
https://habr.com/ru/post/451898/,rustacean137,1
https://habr.com/ru/post/451898/,nemilya,1
https://habr.com/ru/post/451898/,Simplevolk,1
https://habr.com/ru/post/451898/,zatov,1
https://habr.com/ru/post/451898/,nomhoi,1
https://habr.com/ru/post/451898/,duronus,1
https://habr.com/ru/post/451898/,genuimous,1
https://habr.com/ru/post/451898/,crustal,1
https://habr.com/ru/post/451898/,mikhaylovns,1
https://habr.com/ru/post/451898/,Xakki,1
